z,X
vi,cd,ll,z
z,cd,elm,matlab
z,X
ll,dvips,-d,cd,lpq,mv,-Z,emacs,elm,latex,md,-nw,lpr,vi,-P,wc,ping,z,man,math,-l
cd,z,ct,mkdir,vi,who,ll,users,user
xbiff,&,cd,elm,man,z,ct,findall,fg,vi,bg,ll,cat,bc,-l
cd,elm,ncftp,ct,diff,findall,vi,cp,k,ll,f,cat,ftp,r,-l
cd,m,elm,nn,chfn,findall,-,fg,-nw,talk,vi,ll,f,make,emacs
z,X
cd,ll,z
z
cd,z,-nw,vi,ll,emacs
nmn,&,cd,z,nn,ghostview,vi,ll
xbiff,cd,&,elm,z,-perm,findall,-name,ll,find,f,-print
z,lpq,head,tail,lpr,vi,uc,grep
which,xbiff,&,z,ph,frame,maker,echo,lname,ll,rm,-l
z,elm
z,X
z,elm
cd,z,elm,vi,ll,f,cat
cd,newalias,elm,z,-nw,vi,k,cat,f,ll,emacs
cd,z,echo,vi,ll,s,h,date,grep
ct,k,ll,cd,mv,fg,touch,!,telnet,push,elm,&,md,vi,make,m,z,man,chmod,f,pop
lpr,elm,z,cat
z
xbiff,setenv,m,&,elm,z,echo,vi,s,f
cd
z,make
z,findall,elm,f
z,elm,f
vi,z,s,echo
sh,vi,z,X
z
z,elm
cd,z,latex,-Z,lpr,vi,dvips,-d
X
webster,z
elm,cd,ll,z
elm,nn
z,elm,X
cd,push,elm,m,z,md,k,make,ll,rm,pop,-rf,grep
z,set,`,-nw,echo,sh,emacs,cat,wc,-l
-i,-display,ln,ll,more,xload,cd,-h,which\,chgrp,matlab,--version,cat,chown,elm,-s,-,vi,-v,date,grep,dig,which,m,man,file,findall,unsetenv,f,pop
z
z,r,-l
ln,k,ll,cd,fg,touch,elm,-s,-,vi,make,h,gdb,grep,m,man,od,findall,cp,f,rm,-c
z,X
uptime
setenv,z,elm,source,uptime,ruptime
z,findall,elm
ct,akcl,mailx,k,ll,-ka,rwho,cd,-h,talk,fg,mv,webster,cat,s,-R,uc,elm,nn,pgp,diff,-kxa,vi,zl,r,m,z,findall,f,rm,-l
cd,md,vi,cp,ll
z,X
cd,z,elm,matlab,ll,f
xbiff,cd,&,z,nn,findall,biff,matlab,vi,ll,wc,-l
-i,cd,m,elm,ph,z,md,findall,-nw,emacs,vi,k,ll,f,r,grep,-l
z,X
cd,m,z,md,findall,-nw,vi,ll,emacs
xbiff,cd,&,elm,z,fg,matlab,ll
vi,z,elm,mv
cd,z,man,ct,tail,findall,-f,ll,cat,r
cd,z,man,ct,-s,ll,cat,rm,f,mknod
cd,z,ct,ll,cat,rm
xdvi,&,z,latex
z,X
z
-kr,setenv,cd,z,md,pgp,-kv,-ke,ll,-kvc,rm,-kg
z,elm
setenv,z,-h,lynx,pgp,ct,vi,ll,-kvc,-ka,grep
z,X
cd,-h,pgp,ct,diff,-kv,tail,-kxa,f,rm,r,-l
-ks,ct,tail,df,k,ll,cd,newalias,chgrp,cat,xbiff,&,elm,md,pgp,-kc,-kv,-,-kxa,vi,m,z,man,findall,chmod,f,rm,-l
spy,users,z
z,elm,fg,r,-l
z,X
z,ph,fg,vi,k,f,r,-l
&,cd,man,elm,z,mv,lyx,echo,vi,chmod,ll
z,r
z,X
xbiff,&,m,ph,cd,z,pgp,ct,diff,mv,-kxa,vi,chmod,ll
z,elm
z,f
cd,m,elm,ph,z,ct,-s,-f,vi,k,ll,wc,-l
z
talk,findall,elm,f
z,X
cd,z,man,findall,ll,r,-l
z,elm
z,elm
cd,m,elm,telnet,nn,findall,fg,webster,k,ll,r,-l
z,X
r,z,elm,-l
z,elm
rd,ct,tail,ln,k,ll,cd,fstat,`,fg,mv,matlab,webster,cat,push,elm,nn,md,jobs,-s,-,vi,which,m,z,man,findall,unsetenv,cp,f,rm,pop
z
cd,z,elm,lpq,findall,-,lpr,vi,ll,cat,f
z,X
sh,k,ll,-ka,cd,-h,fg,touch,cat,pgp,md,-kc,-kv,vi,make,which,m,z,chmod,f,rm
z,elm
cd,z,man,pwd,-s,webster,k,ll
cd,elm,z
setenv,cd,z,elm,k,ll
cd,m,elm,kk,z,ct,-,findall,cp,k,ll,zcat,f,tar,r,-l
z,elm
&,z,talk,findall,clear,stty,xterm
cd,&,mv,chmod,ll,rm
setenv,m,&,elm,rm,lynx,findall,-f,com,vi,cp,who,ghostview,f,lf,webster,date,uc
dirs,ln,k,ll,who,cd,fstat,fg,s,cat,push,&,elm,md,-s,-,vi,make,date,wc,grep,m,csh_parser,man,-cv,findall,rehash,f,rm,pop,-l
z,elm
z,elm
z,X
cd,m,elm,z,rd,md,-s,-,mv,-f,ln,vi,k,ll,rm,grep
z,elm
telnet,spy,cd,man,ph,z,ct,-s,findall,vi,who,k,cat,f,chmod,ll
akcl,ln,k,ll,-o,fstat,cd,mv,-f,sort,-t,-s,diff,vi,-r,which,m,z,man,head,rrm,rm,-k,-n
cd,z,rlogin,md,-s,fg,mv,ln,k,ll,grep,-l
cd,k,z
cd,m,elm,findall,foreach,k,ll
z,r,-l
cd,m,elm,z,nn,findall,ll,rm
z,X
z,findall,elm,uptime
ps,cd,z,md,mv,-nw,-guxawww,-guxa,vi,k,ll,grep,emacs
m,cd,z,ll,wc,-l
cd,z,ph,findall,k
cd,k,z
cd,k,z
cd,k,z
elm,findall,f
elm,rsh,findall,ruptime,f,grep
ct,oed,k,ll,pvs,-d,cd,talk,fg,cat,-t,bc,g++,elm,nn,jobs,-s,vi,-r,wc,grep,which,ar,m,z,man,findall,f,rm,-c,-k,-l
setenv,m,z,elm,w,lpq,ct,c,findall,mv,lpr,who,ll,f,k,ftp,reset
setenv,cd,z,elm,ct,findall,-f,ll,rm
z,X
z,findall,elm,f
vi,cd,ll,z
z,elm,findall,-f,f,r,-l
z,elm
z,X
z,elm
cd,vmstat,elm,man,z,findall,mv,uptime,vi,k,ll,chmod,rm
cd,z,-nw,k,ll,emacs
dirs,ln,k,ll,-d,cd,mv,-f,push,cut,md,-s,-,vi,-v,h,dir,l,wc,grep,m,z,man,head,cp,rm,-c,pop,-l
vmstat,z,elm,script,ct,findall,ll,rm
z,set
z,X
z,-nw,emacs
akcl,df,k,ll,xdvi,sdiff,cd,mv,-f,fg,-w,cat,sed,cv,push,&,latex,-s,-,vi,grep,motd,m,man,-e,rehash,cp,rm,pop,-n
-name,ln,df,k,ll,cd,-perm,echo,cat,elm,nn,-s,-mode,-,vi,xlock,m,z,man,findall,rehash,du,find,f,rm,-k,-print,-l
cd,z,man,findall,-name,cxd,ll,find,-print
z,X
z,elm
cd,z,-f,ll,-l,r,cv,-n
spy,cd,man,z,-name,ll,find,-print
z,X
cd,m,ph,&,z,md,mv,vi,ghostview,k,ll,cat,rm,uc,wc,-l
vi,z,newalias,elm
z,X
ct,ln,k,ll,lll,cd,-h,chgrp,mv,-f,s,cat,cv,push,&,elm,md,-s,diff,-,foreach,vi,grep,wc,m,z,man,ncftp,file,cp,chmod,f,-l,-c,newgrp,pop,-n
z
z,elm
z
info,z,findall,f
cd,z,lynx,md,ct,ncftp,findall,-,k,ll,f,zcat,-u,tar,r,-l
cd,m,z,chgrp,ct,-,mv,vi,chmod,ll,zcat,k,make,tar
-i,-name,ln,k,ll,-exec,cd,newalias,-n,mv,-f,!,-t,-u,bc,cat,cv,setenv,push,&,elm,md,-s,vi,r,grep,wc,which,m,z,man,ncftp,findall,file,cp,chmod,find,f,rm,-c,pop,;,-l
z,X
which,cd,z,findall,ll,-d
z,elm
z,r,-l
z,r,-l
z,findall,-nw,akcl,emacs
z,findall,elm
z,X
z,elm
z,man
z,r,-l
z,X
z,elm
cd,z,man,findall,ll
z,r,-l
z,r,-l
z,elm,ct,akcl,fg,ll,r,;,-l
z,X
which
z,cd,-nw,emacs
cd,m,elm,z,tail,findall,mv,k,ll
z,ct,-s,akcl,fg,ln
z,X
z,cd,ct,-nw,emacs
cd,z,elm,findall,k,ll,r,wc,-l
cd,ll,akcl,z
z,X
z,ll
z,elm
z,r,-l
newgrp,z
cd,z,kk,ncftp,mv,vi,df,chmod,ll,-u,-k
slrp,elm
z,elm,lynx,talk,fg,findall,-f,f
m,cd,elm,man,rsh,-k,md,ct,-s,findall,fg,vi,ll,f,fsun
z,elm
cd,elm,nn,md,talk,findall,-f,fg,ll,f,date
vi,ct,z,ll
z,elm
z,X
z
z,nn
cd,z,elm,mv,com,vi,ll
z,r,-l
z,findall,elm
z,X
z,elm
cd,m,man,z,-s,findall,k,ll
z,r,-l
kill,cd,ps,elm,spy,nn,file,findall,-nw,-,-guxa,ll,f,date,emacs
vi,findall,elm,nn
z,unsetenv,matlab
z,matlab,unsetenv
z,findall,elm,cat
z,elm,X
z,elm
cd,push,m,file,vi,ll,rm,pop
qu,cd,z,man,nn,pwd,-s,file,findall,fg,du,-v,ll,f,rm,-rf
z,X
fg,z,-nw,emacs
z,elm
z,elm,fg,mv,vi,f
cd,z,mv,akcl,k,ll,grep
cd,z,elm,findall,fg,ln,vi,k,ll
z,X
lpq
z,elm
z,-nw,emacs
cd,z,fg,matlab,k,ll,cat
spy,z,ph,elm,nn,findal,findall,-f
m,telnet,elm,man,latex,lpq,cd,ct,z,-Z,lpr,k,ll,f,dvips,h,-D,ftp
which,z,elm,lpq
z,X
z,-nw,f,r,emacs
z,elm
which,cd,z,ncftp,findall,k,ll,-u,wc,-l
z,r,-l
z,elm
z,elm
z,X
z,elm
setenv,cd,&,rm,z,latex,md,ct,findall,mv,-f,-,fg,vi,k,ll,f,h,xdvi
m,cd,z,akcl,matlab,vi,ll
cd,z,elm,mv,-Z,ll,dvips,-D
-k,ftp,man,-s
elm
tail,k,ll,reset,cd,mv,fg,emacs,telnet,elm,nn,-nw,vi,wc,m,od,less,findall,-c,c,-l
z,elm
cd,m,elm,z,k,ll,r,-l
z
z,r,-l
f,z,X
z
z,elm,-nw,emacs
z,findall,elm
z,findall,cat
cd,m,elm,od,head,pwd,tail,findall,mv,k,ll,cat,-c,wc,-l
head,tail,akcl,fg,ll,l,wc,-l
z,X
&,cd,elm,z,findall,-,ghostview,ll,grep
m,z,findall,r,-l
composer,cd,ll
z,X
cd,m,man,]],z,ll,-k
xhost,z,elm
z,r,-l
cd,ph,elm,rsh,archie,ct,ncftp,findall,talk,vi,expr,ll,f,rm,h,date,grep
z,X
z,elm
cd,m,cm,-mode,tail,vi,k,ll,xlock
cd,z,composer,md,ct,-s,akcl,ln,ll
-s,findall,man,z
ll,z,catman,-M
z,elm,-f
z,X
cd,z,-nw,ll,f,emacs
z,elm
telnet,z
X
kill,cd,&,m,kk,fstat,z,jobs,-mode,tail,akcl,ln,vi,!,k,ll,rm,xlock
z,man,-nw,emacs
z,man,elm,composer,ct,findall,akcl,fg,ll
cd,fstat,m,z,fg,matlab,ln,k,ll
z,elm,ct,findall,ll,f
ct,z,ncftp
kill,ps,spy,elm,m,man,cd,tail,akcl,-guxa,vi,-a,k,ll,kbd_mode
ll,cd,elm,m
z,elm
z,X
which,z
z,cat,-nw,emacs
z,elm
z,r,-l
telnet,m,man,elm,z,-s,findall,fg,-f,vi,ll,s,complete
fstat,cd,m,&,spy,z,jobs,-,akcl,fg,mv,ln,vi,!,k,ll,chmod,grep
hostname,cd,m,elm,man,rm,md,-,fg,-f,talk,-nw,vi,ci,ll,k,-l,grep,emacs
z,X
z,man,elm
cd,m,z,-nw,foreach,touch,vi,ll,emacs
z,cd,ll,matlab
cd,rm,man,m,nn,z,fgrep,findall,-f,vi,k,sort,ll,-u,-c,wc,-l
cd,spy,man,m,z,rlogin,lll,k,ll,wc,-l
z,cd,ll,m
cd,m,elm,z,ncftp,fg,ll,-u
z,elm
z,X
cd,z,ct,mv,-f,ll,rm
z,elm
m,cd,fg,unsetenv,matlab,k,ll
cd,m,elm,z,fg,matlab,vi,ll
z,X
&,cd,z,matlab,ghostview,ll
z,-nw,emacs
-i,rd,ct,akcl,k,ll,cd,co,fg,matlab,mv,tar,&,md,-,vi,grep,m,z,ghostview,cp,zcat
z,elm
cd,z,elm,lpr,-P,ll
z,X
z,elm
cd,ll,akcl,z
&,cd,z,ghostview,r
z,X
z,elm
z,cd,-nw,ll,emacs
z,elm
&,ghostview,cd,z
z,X
z
z,findall,elm
z,cd,-nw,ll,emacs
-i,&,cd,z,akcl,ghostview,k,ll,grep
unrm,z,composer,akcl,ll,rm
setenv,telnet,cd,unrm,z,md,pgp,ct,chgrp,findall,mv,-f,unsetenv,df,chmod,ll,rm,-c,-k
findall,elm
z,X
z,-nw,emacs
cd,m,&,z,findall,-name,k,ll,find,-print
z,elm
-i,ct,-name,k,ll,cd,-rf,&,push,dlg,md,-mode,-,vi,make,antlr,xlock,l,grep,m,z,man,niscat,qll,ghostview,cp,ci,find,rm,pop,-print,-l
kill,telnet,&,man,--help,z,jobs,-bg,-merge,findall,vi,xrdb,-fg,xload,r,grep,-l
findall,elm
z,X
vmstat,f,z
xhost,z,elm
xrdit,telnet,&,man,m,xrsdit,z,-mode,date,findall,talk,editres,mv,vi,k,f,xlock,-k,r
z,xhost,-,-nw,emacs
z,r,-l
akcl,k,ll,who,cd,talk,&,telnet,nn,rsh,composer,vi,r,grep,m,z,findall,ghostview,cp,f,rm,users
cd,z,composer,findall,k
z
cd,z,elm,man,findall,uptime,df,k,ll,cat,f,-k,l,help
cd,k,ll,exit
z,X
-i,cd,m,z,ncftp,-s,findall,talk,ln,k,ll,f,-u,date,grep
vi,z,elm
cd,m,z,md,-nw,ll,rm,emacs
z,X
z,findall
cd,z,elm,du,df,ll,-k,r
z,-nw,emacs
ct,dirs,k,ll,d,-o,cd,-I.,`,ident,-DD,echo,-u,g++,setenv,push,md,-s,-,-v,make,h,which,m,z,man,pwd,ncftp,cp,-c,-D,pop
cd,m,man,rm,z,ct,-,-f,du,df,k,ll,-kd,!,-k
k,ll,cd,-h,`,!,sort,cat,-u,g++,setenv,push,-,vi,make,-r,h,grep,m,z,pwd,cp,-c,pop
ping,z
elm
tail,k,ll,cd,-h,fg,mv,!,cat,emacs,&,elm,md,-,-nw,uptime,vi,m,man,head,findall
z,X
z,-nw,emacs
z,elm
k,ll,cd,-h,lpq,-w,-u,g++,-s,vi,make,-r,gdb,wc,ar,z,man,head,ncftp,findall,rm,-c,-l
exec,-l
cd,elm,man,findall,vi,k,ll,make,rm,-t,-l
zot,z,elm
z,elm,X
z,elm
z,-nw,emacs
tail,k,ll,cd,-h,-w,!,-t,bc,&,-,vi,make,h,gdb,wc,m,z,man,head,rm,-l
z,elm
cd,m,spy,elm,findall,akcl,k,ll,f,users,r,-l
af,z,cd,m,X,ct,fg,vi,cp,ll,s,rm,ftp
z,r
z
z,cd,elm,-nw,emacs
z,X
z,elm
cd,z,-l,-nw,-f,k,ll,f,rm,l,wc,emacs
z
tail,k,ll,cd,-f,!,-t,cat,bc,kill,&,jobs,-mode,-,vi,make,h,xlock,m,z,man,rm,-l
telnet,findall,z
z,X
z,r
z
z,cd,elm,k,iz
z,elm
z,X
vi,cd,z
cd,k
z,tail,elm
cd,rm,man,m,&,z,-,matlab,!,k,make,ll,-t,h,gdb,-l
exec
-t,exec,-l
elm
af,cd,-h,elm,z,ct,LL,-,foreach,k,ll,cat,LLll,wc,-l
cd,m,elm,spy,findall,fg,matlab,unsetenv,units,talk,-,k,ll,f,vi
cd,z,elm,findall,fg,echo,unsetenv,matlab,vi,ll
z,X
rd,ln,k,ll,cd,fg,matlab,mv,pop,setenv,push,&,md,jobs,foreach,vi,date,compile_results.sh,m,z,file,rehash,ghostview,cp,chmod,f,rm,c
z,findall,elm
cd,z,-n,findall,-nw,sort,-u,emacs
users,ct,sh,k,ll,rwho,cd,-I.,-t,cat,g++,-E,push,nn,-s,cal,vi,make,gdb,rusers,m,z,man,findall,ghostview,cp,chmod,f,rm,pop,-l
-t,exec,-l
&,cd,z,jobs,findall,!,ll,f
-name,k,ll,who,cd,-perm,talk,fg,push,elm,nn,-,vi,date,l,spy,m,findall,find,f,-print
spy,m,elm,]elm,rsh,head,nn,z,findall,fg,f,users,r,-l
z,X
&,cd,z,ghostview,bg,k
z,elm
z,r,-l
z,X
z,r,-l
z,elm
&,cd,z,ghostview,k,ll
cd,&,z,latex,md,vi,cp,ci,k,ll,xdvi,-l
z,X
rm
z,elm
z,cd,-nw,ll,emacs
cd,z,-,k,ll,pop
cd,z,-nw,f,h,users,emacs
users,k,ll,-ru,cd,`,fg,echo,touch,!,-t,setenv,push,&,nn,vi,make,gdb,grep,ar,m,z,man,pwd,findall,cp,rm,pop,-l
z,X
z,elm
cd,z,man,nn,diff,talk,findall,jove,vi,k,cat,ll,bc
z
z,-nw,emacs
cd,z,man,kk,-s,-,fg,-w,vi,ll,make,rm,-t,gdb,wc,-l
-t,exec,-l
exec,-l
telnet,z
z,ct,ncftp,k,ll,uc
z,elm
z,X
cd,z,nn,ct,-,mv,cp,k,ll,c
z,elm
cd,z,-s,k,-t,make,ll,gdb,-l
z,elm
\slirp
cd,z,elm,ct,fg,unsetenv,matlab,ll
elm
z,X
z,r
spy,z,man,turnin,uptime,who,-c,users,r,-l
cd,m,elm,z,nn,md,fg,unsetenv,matlab,vi,cp,ll
cd,z,elm,hunt,lynx,talk,fg,matlab,clear,vi,e,ll,r
lynx,z,elm
z,X
z
z,elm
z,X
z,kk,md,ct,ll,xlock
z,r
z,elm
z,elm
z,elm
z,X
af,cd,&,elm,z,ghostview,ll
z,ct,ncftp,ll,rm
spy,ps,elm,z,nn,findall,f,date,-gux
z,elm
z,elm,nn,rlogin,findall,-l
elm,man,ct,ncftp,-f,ll,-r,sz
cd,m,elm,w,nn,lynx,ct,ncftp,findall,talk,echo,oed,stty,mesg,ll,f,rm,-a,sz,r
z,w
z,findall,elm
stty,setenv,slrp,elm
z,findall,elm
ps,stty,k,ll,reset,cd,newalias,-h,-n,talk,fg,-f,com,!,sort,-t,-u,tar,&,elm,w,nn,rsh,jobs,-s,-,uptime,vi,-guxwww,gdb,grep,m,z,man,findall,-a,ci,f,rm,-c,-l
z
cd,z,elm,md,-nw,uptime,fg,emacs,ci,ll,rm,-l
kill,ps,z,jobs,-s,findall,uptime,make,-t,-g,-l
z,elm,X
z,elm
nice,ps,ct,-guxwwww,k,ll,cd,-h,mv,matlab,fg,-w,!,cat,&,md,jobs,-m,-gux,m,spy,man,z,cp,-c,-l
z,cd,-nw,ll,emacs
ps,ct,k,ll,cd,-h,-w,!,-t,&,-s,-,-m,-guxawww,make,-guxwww,m,z,man,cp,-c,-l
cd,z,man,nn,ct,-s,-,mv,matlab,sh,fg,cp,k,ll
m,z,elm,man,lynx,oed,findall,-f,f
m,-h,rm,man,z,pgp,findall,mv,finger,vi,k,ll,f,-ka,-k
ping,man,elm,host,nn,findall,nslookup,vi,k,cat
slirp
qu,cd,m,elm,head,findall,k,ll,-c,grep
mailx,k,ll,cd,-h,newalias,whodo,talk,fg,mv,-f,-w,touch,!,cat,dc,&,push,elm,w,nn,jobs,-s,uptime,-m,vi,bg,make,which,spy,m,man,pwd,findall,chmod,f,rm,-c,pop,-l
z,X
z,elm
z,rm
z,X
ps,cd,push,w,&,m,z,-nw,-guxa,ghostview,emacs,k,ll,rm,tput,pop,top
z,elm
-name,k,ll,cd,-h,-w,!,-t,xargs,&,md,-s,-,-m,make,gdb,l,wc,m,z,cp,find,f,rm,-c,pop,-print,-l
spy,ps,z,w,talk,findall,-guxa,f,date,grep
elm,ncftp,ll,traceroute,f,cat,-u
m,cd,elm,-f,uptime,ll,f
z,X
cd,newalias,push,elm,z,cal,vi
z
cd,m,elm,telnet,z,findall,-f,vi,-li,f,cat,grep
z,spy,ll,m
cd,m,z,ncftp,ll,ls,wc,-l
mailx,z,elm
z,X
m,cd,man,z,nn,stat,findall,locate,ll
z,elm
z,X
z,r
xlock,-mode,z
z
elm
z,date,cd,m
cd,m,elm,z,findall,-,-f,ll,date
z,elm
cd,m,elm,findall,ll
m,cd,elm,z,screen,fg,ll,f
cd,m,elm,z,nn,findall,f
cd,m,elm,z,nn,findall,fg,-f,ll
slrp
m,findall,f
k,ll,cd,rlogin,talk,fg,uid,-f,com,tar,emacs,elm,nn,-,-nw,uptime,vi,make,ntalk,grep,m,findall,cp,ci,f,rm,users,-l
z,X
z
z,r
z,elm
z,X
cd,m,elm,z,findall,-f,cf,ll
z,elm
cd,m,elm,kk,ps,z,jobs,findall,-nw,-f,fg,-guxa,ll,cat,rm,-guxwww,-gux,emacs
z,X
z
z,elm
cd,ll,m
z,X
z,elm
z,findall,man,nn
z,cd,-nw,emacs
cd,m,man,z,ncftp,vi,k,ll,-u,ci,-l
z,elm
cd,m,elm,man,&,z,findall,vi,!,k,ll,make
z,X
cd,m,man,elm,-h,z,pgp,-kvc,ll,grep
-ks,-kva,mailx,k,-kvc,-ka,ll,mv,-u,ph,elm,pgp,diff,-kv,-kxa,vi,m,z,cp,chmod,f,rm,-kvv
cd,m,z,uptime,vi,k,ll,f
z,X
ispell,grep,f,z
z,elm
-ks,-kxb,ct,mailx,k,-kvc,-ka,ll,cd,-h,mv,fg,-f,-u,unrm,-kx,ph,pgp,-s,-kcv,-kv,-,-kxa,vi,h,grep,m,z,man,ispell,cp,chmod,f,rm,-kvv
cd,z,fg,-nw,k,emacs
k,ll,-ss,-d,cd,-h,-w,-t,g++,-E,&,pgp,-s,-kv,-,-m,make,h,gdb,grep,wc,m,z,man,head,f,rm,-c,-l
exec,-m,-t,-c,-d,-l
z,X
z,k,f
z,ps,elm,spy,-guxa
ct,mailx,k,-kvc,-ka,ll,-kr,cd,-h,mv,-u,pop,unrm,-kx,push,ph,pgp,md,-kv,-,vi,m,ncftp,-e,cp,chmod,f,rm,c,-kvv
z,cd,-nw,amcs,emacs
wc,cd,&,m,z,-,mv,matlab,-m,-w,k,make,ll,-t,-c,-d,grep,-l
z,X
z,cd,-nw,emacs
ar,-ar,-car,cd,-h,time,man,m,z,diff,bg,vi,k,ll,-t,make,-ru,-l
cd,m,elm,z,k,ll,-l
z,X
cd,z,elm,ghostview,bg,k,ll,dvips
z,cd,-nw,emacs
-l,tail,k,ll,-d,cd,-h,matlab,-t,-x,-s,-,vi,make,gdb,wc,m,z,man,head,rm,-n
amke,-l,tail,maker,gcc,k,ll,-ru,-lm,--traditional,ra,-g,-d,-o,sdiff,cd,-h,-lgc,-lqpl,mv,matlab,fg,!,-t,-x,kill,&,elm,nn,-,-m,vi,make,gdb,wc,ar,spy,m,time,z,head,file,unsetenv,gead,rm,-c,-n
z,X
z,bc
IslandDraw,cd,&,elm,telnet,z,cp,chmod,ll,f,mount,r
cd,z,-nw,cal,fg,eject,emacs
kill,z,spy,-HUP,k
-l,k,ll,-d,cd,newalias,findal,fg,-f,-w,-t,-x,push,ph,elm,-,vi,make,grep,wc,z,findall,f,rm,pop,-n
-n,exec,-l
-n,exec,-l
-n,exec,-l
-n,exec,-l
-n,exec,-l
-n,exec,-l
cd,frm,man,elm,-S,md,-s,-,-q,uptime,-f,mv,-nw,fg,ll,users,grep,emacs
z,users,X
z,f,rm
z,elm
z,cd,-nw,emacs
-ks,rd,-name,k,ll,-kvc,cd,-h,-ke,mv,emacs,telnet,md,pgp,-kv,-,-nw,m,z,find,f,-print,-kvv
which,af,cd,push,z,gv,vi,ll,s,color-ls,pus,pop
z,X
cd,z,elm,-mode,vi,xlock
cd,m,md,pgp,-nw,mv,-kxa,vi,chmod,ll,emacs
cd,telnet,man,m,-k,z,md,gv,mv,-,vi,lname,ci,ll,cat,f,letnet,r,-l
-E,cd,push,man,-n,nn,-dM,-DDEBUG,findall,CC,dbx,vi,k,ll,make,-b,gdb,grep,-l
sh,k,ll,-d,cd,fg,-f,!,-t,-x,&,elm,md,-s,-,uptime,-m,vi,-v,-r,l,wc,m,time,findall,cp,ci,-c,-l
rd,ct,jove,-name,sh,k,ll,-d,cd,newalias,-h,talk,fg,-f,mv,-w,echo,!,-t,cat,-d:,glom.sh,tar,-rf,emacs,setenv,&,push,elm,cut,nn,md,-s,-,-nw,uptime,-m,vi,make,-r,wc,grep,m,spy,time,man,ispell,tr,findall,unsetenv,rehash,cp,chmod,find,f,rm,-c,ci,pop,-print,-l
z,X
z,cd,-nw,ll,emacs
az,z,elm
ping,telnet,cd,z,vi,k,traceroute,f,r
elm,nn,lynx,findall,exit
strings,tail,-name,sh,uudecode,k,ll,who,cd,mv,-f,fg,com,!,-x,-rf,tar,emacs,setenv,&,push,elm,egrep,nn,jobs,md,-s,-,-nw,uptime,-m,vi,-v,h,meta.pl,gdb,-vnx,grep,which,m,spy,man,kk,poop,findall,file,rehash,unsetenv,cp,chmod,find,rm,-c,pop,-print
z,X
z,elm
z,findall,nn
z,cd,-nw,emacs
cd,m,push,z,sor,-,ci,ll,f,k,-u,sort,pop,wc,-l
ct,oed,mailx,k,ll,-c,cd,newalias,-f,!,-t,tar,&,elm,nn,lynx,-s,-,uptime,vi,-r,date,r,wc,grep,spy,frm,z,ncftp,-cv,findall,cp,f,rm,zcat,pop,-l
ct,tail,gcc,k,ll,cd,-h,-n,fg,-f,-w,com,!,-t,-x,tar,emacs,-E,kill,push,&,elm,nn,-,-nw,nslookup,vi,make,-r,h,gdb,grep,wc,m,spy,man,head,-cv,cp,ci,f,rm,-c,zcat,pop,-l
z,X
head,z
-z,ct,-l,mailx,k,-kvc,ll,reset,cd,-h,`,-es,-vc,talk,-ke,mv,-f,echo,-w,!,-t,cat,&,pgp,-mode,-kv,-,-s,vi,-r,h,xlock,date,gdb,r,data,wc,grep,which,l,m,z,man,tr,findall,cp,f,rm,pop,-kvv
z,elm
z,cd,-nw,emacs
cd,push,m,z,-,matlab,vi,k,ll,make,rm,grep
z,X
z
z,elm
newalias,ct,vi,cp,k,ll,mailx,rm,uudecode,uuencode
z,cd,-nw,emacs
ct,tail,mailx,k,ll,-d,sdiff,cd,-n,gv,fg,matlab,echo,mv,-f,!,cat,-t,-x,uuencode,unrm,&,elm,md,jobs,-s,diff,-,vi,make,h,wc,m,z,man,nroff,head,cp,rm,-man,-l
z,elm,findall,stty,rm,reset
\slirp
\slirp
stty,elm,z
z,elm,findall,fg,vi
elm
cd,m,elm,z,findall,-all,-a,stty,ll,k,rm,f,date
z,elm,slirp,lynx,echo,k,rm
\slirp
\slirp
exit,elm
z,X
z,elm,-f
z
ll,cd,r,-l
man,slirp,rz,ct,findall,ll,sz,c
elm,chmod,ll,mv
cd,file,k,ll,tar
slirp
cd,-h,elm,m,-nw,fg,-m,emacs,-f,ll,make,-t,-c,uc,-d,tar,-l
ll],k,ll,lf,-d,cd,talk,mv,-f,-w,-t,tar,pop,push,elm,md,-,make,gdb,wc,m,man,cmp,file,findall,cp,chmod,f,rm,-c,newgrp,uudecode,-l
qu,-S,tail,df,k,ll,-d,cd,-h,mv,-f,-w,!,s,-t,tar,id,rm,&,elm,w,nn,md,-,-m,makr,vi,bg,make,h,wc,which,m,-p,ncftp,findall,rehash,du,cp,chmod,zcat,f,-c,-k,pop,-l
z,findall
slirp
uptimre,ps,lm,-STOP,k,ll,cd,-h,-SUSP,talk,-f,touch,!,-TSTP,emacs,kill,&,elm,w,nn,jobs,-,-nw,uptime,make,h,-guxwww,r,grep,wc,-gux,m,-cv,findall,cp,rm,-c,-l
ps,rd,ct,sh,gcc,k,ll,paste,pine,-o,cd,talk,mv,fg,-f,-u,emacs,unrm,push,&,elm,rsh,lynx,md,jobs,-nw,uptime,vi,make,exit,date,-guxwww,r,grep,which,m,man,ncftp,findall,cp,chmod,f,rm,-k,pop,-l
z,X
cd,z,elm,cmp,mv,-nw,k,ll,chmod,rm,uudecode,emacs
z,users,elm,w
z,X
-guxawww,-guxa,ps,z
oed,stty,k,ll,cd,mv,-f,-rf,emacs,&,elm,diff,-nw,make,-geometry,r,m,z,man,file,cp,rm,-l
ps,-name,-guxa,k,ll,cd,-h,kinit,!,bc,-rf,&,elm,w,rsh,diff,-guxawww,vi,make,date,wc,grep,m,z,man,findall,file,cp,ci,find,rm,-print,-l
kill,-guxwww,ps,z
z,X
trouble,which,cd,telnet,z,md,-mode,-merge,-,findall,jove,cp,k,ll,f,xrdb,xlock,l,wc,-l
pine,z
cd,k,ll,z
lynx,m,slirp
cd,m,nn,lynx,findall,mv,uptime,-,com,k,ll,h,ci,pine,-l
cd,m,elm,push,rsh,&,talk,fg,uptime,jove,cp,ll,f,pine,pop,wc,-l
cd,z,elm,k,vdiff,pine
z,X
cd,k,z
pine,z
cdx,cd,z,gv,k,ll
lynx,z
z,X
head,z
pine,z
cd,-p,`,md,ll,date,uudecode
unrm,m,cd,push,man,ct,uname,findall,fg,vi,cp,-a,ll,rm,pine
cd,-,exit,zcat,tar
z,X
z,f
cd,k,ll,z
pine,z
k,ll,dvips,cd,talk,mv,bc,tar,push,ph,nn,latex,diff,-,eject,finadll,vi,which,z,findall,ci,chmod,zcat,rm,f,pop,-l
&,z,latex,gv,ll,dvips,xdvi
z,cd,latex
z,cd,ll,m
pine,z
z,talk,findall,tty,-a,stty,f,pine
z,X
m,cd,man,z,mv,fg,tty,ll,rm,pine
z
&,z,latex,x,gv,mv,s,dvips,xdvi,ls,;
cd,z,md,cp,chmod,ll
cd,z,matlab,cp,k,ll
set,-name,sh,k,ll,cd,mv,s,unrm,push,w,md,-mode,-,vi,tty,xlock,r,m,z,findall,cp,find,rm,newgrp,pop,-print,-l
z
z,X
z
pine,z
cd,z,man,w,findall,ll,f,r
&,z,latex,bg,dvips,xdvi
cd,m,cut,man,z,lwinfo,-cv,mv,-f,lpr,vi,-P,k,ll,-v,grep
cd,&,set,uname,-a,xterm,ll,version,-geometry,exit,ls,arch
ps,man,-a,-uxwww,-gux,grep,-Al
z,ps,exit,grep,-Al
z,X
pine,z
ct,mailx,k,ll,ftp,cd,co,rlogin,gv,mv,!,-t,uc,tar,&,push,rm,w,latex,-mode,vi,h,xlock,r,ping,m,-p,man,rlog,z,findall,ci,f,-b,pop,-l
z
wc,popd,&,push,cd,z,latex,ct,gv,testit.dvi,-w,mailx,cp,ls,ll,dvips,xdvi,pushd,pop,;
&,cd,m,z,!,rm
z,X
pine,ct,ll,z
ct,-name,k,ll,xdvi,cd,mv,fg,-w,setenv,push,&,unrm,latex,-,vi,wc,grep,z,cp,ci,chmod,f,rm,find,pop,-print,-l
&,z,latex,cp,xdvi
z,X
pine,z
cd,w,-mode,gv,ll,f,xlock
cd,z,ct,-mode,vi,ll,xlock
xdvi,&,z,latex
z,X
pine,z
z,k,ez
telnet,cd,z,lp,-d,ls
z,X
z
pine,z
z,X
pine,z
cd,z,vi,cp,ci,ll,-l
z,r
cd,z,findall,k,pine
z,X
z
pine,z
&,cd,man,m,rsh,xhost,newalias,z,-mode,fg,echo,bg,vi,ll,xlock,xauth,c,r
setenv,z,&,-display,workman
fg,pine,z,f
z,X
cd,z,-,k,pine
-S,k,ll,-d,cd,-h,-w,!,-t,push,&,-mode,-,-m,-P,make,xlock,r,grep,trouble,z,-p,man,findall,-c,pop,-l
ps,z,w,-guxawww,who
z,X
&,cd,rsh,xhost,fg,bg,ll,r
z,cd,m,ll,pine
cd,push,m,ct,gcc,vi,k,ll,g++,grep
kill,setenv,&,ps,-HUP,z,workman,eject,-guxwwww,-gux
eject,z,X
&,workman,ll
cd,push,m,man,&,z,-s,-,ln,vi,chmod,ll,pop,wc,-l
file,cd,ll,z
exec
cd,m,xs,man,z,file,ll
pine,z
z,X
m,cd,z,-s,mv,touch,mailx,cp,k,ll,f,rm,vi,pop
cd,m,man,z,md,chgrp,-merge,-s,mv,-name,vi,mailx,xrdb,ll,f,chmod,k,find,pine,-print
ping,cd,cut,`,host,ruptime,ll,f,-d:,ls,grep,wc,-l
(,cd,find
z,X
r,-l
archie,ct,-name,k,ll,cd,xhost,-vc,-perm,!,-R,pop,-rf,xargs,setenv,push,-group,ph,cut,&,-mode,-,vi,h,xlock,grep,wc,m,z,man,unsetenv,chmod,find,f,rm,-d:,-print,-l
pine
r
&,workman,echo,f,r,-l
cd,m,z,md,ct,-mode,-,cp,k,ll,zcat,xlock,tar
telnet,cd,z,vi,k,ll
z,X
z,r,-l
cd,m,-h,&,z,r,-name,foreach,vi,!,find,ll,rm,-print
pine,z
z,m,cd,ll,rm
z,X
pine,z
z
z,X
cd,z,df,k,ll,-k
ping,telnet,z,k,pine
k,ll,lf,super,pine,help,cd,chgrp,fg,cat,-R,push,-mode,xlock,date,r,m,z,man,-H,findall,-ri,chmod,f,rm,pop
trouble,cd,z,fg,du,df,ll,-k
z,X
pine,z
cd,z,ph,md,-mode,-s,mv,ln,cp,stty,ll,-a,f,xlock,r,reset,-l
&,cd,z,latex,xdvi
z,X
r
z,xhost,-mode,f,xlock
pine,z
which,rm,telnet,cd,ph,z,pgp,ct,-mode,-kv,k,ll,cat,f,xlock,r,-l
&,workman
z,X
z,r
ps,z,-mode,-ef,oed,-guxawww,f,xlock
m,cd,z,md,findall,mv,vi,ll,pine
z,X
xlock,-mode,z
pine,z
z,X
z
pine,z
ct,k,ll,(,cd,chgrp,mv,tar,),ph,pgp,md,-,vi,m,z,chmod,f,rm,zcat,uudecode,;
xdvi,&,cd,latex
rlogin,z,-l
&,cd,z,latex,xdvi
z,X
pine,z
cd,ll
cd,&,z,-mode,findall,-name,k,ll,find,rm,xdvi,xlock,-print
z,X
cd,z,md,findall,-,mv,vi,k,ll,zcat,tar
pine,z
sh,ll,cd,mv,echo,cat,-R,tar,-rf,push,cut,diff,-,vi,m,z,man,cp,-d.,chmod,rm,pop
pine,z,ph
z,X
ps,ll,cd,gv,mv,w,md,-mode,-,vi,xlock,r,m,z,findall,file,chmod,f,rm,pop,vhmod
pine,z
telnet,ps,cd,w,m,z,talk,findall,gv,-guxawww,k,ll,f,rm,zot,r,grep
ytalk,z,talk
-guxawww,ps,grep,z
ct,mailx,k,ll,pine,cd,fg,-f,matlab,-w,tar,nn,md,-s,wc,m,z,ncftp,findall,unsetenv,du,rm
z,X
pine,z
z
pine,z
z,X
lwinfo,-name,-prune,ll,dvips,-bame,-o,cd,-perm,gv,lwpages,bc,nn,-mode,lpr,-P,-newer,xlock,r,grep,wc,z,man,find,f,ls,-print,-l
pine,z
z,X
cd,z,findall,vi,k,ll,r,-l
ct,k,ll,cd,talk,mv,-f,com,cat,enscript,-plit.ps,write,w,-mode,lpr,vi,xlock,wc,grep,which,z,man,ncftp,findall,cp,rm,-c,-l
pine,z
cd,ct,findall,-f,vi,ll,rm,pine
z,X
-i,-Pfoo,set,ct,k,ll,cd,-h,fg,echo,cat,-R,pop,push,w,pgp,md,-mode,vi,-P,-kd,xlock,grep,which,m,unset,man,z,findall,file,chmod,f,rm,-k,ls
pine,z
cd,z,-ic,k,ll,-c,newgrp,grep
xdvi,&,cd,latex
-i,umask,strings,k,ll,-xe,xdvi,cd,co,chgrp,touch,push,&,-xd,md,my_latex,-,vi,grep,z,rehash,cp,chmod,ci,pop,-l
slirp
pine
z,X
pine,z
cdx,ps,cd,m,w,z,ct,findall,-guxawww,k,ll,f,rm,r,-l
w,z,X
pine,z
z,k,r
ct,k,ll,xdvi,-d,cd,-h,`,mv,com,-w,-t,tar,&,md,pgp,-mode,-s,-,-m,eject,date,xlock,wc,m,z,findall,file,zcat,rm,-c,-l
cd,ll,z
pine,spy,w,z
slirp
cd,z,elm,fg,ll,cat,pine
slirp
cd,m,ph,elm,nn,z,findall,fg,uptime,mv,com,vi,ll,pine,tar,r,-l
z,X
r
cd,z,xhost,md,mv,cp,k,ll,f,grep
pine,z
&,workman
z,X
pine,z
-i,ps,cd,telnet,z,-mode,akcl,fg,k,ll,f,-help,xlock,grep
z,X
af,m
pine,spy,z
tstr,ct,ln,k,ll,xdvi,cd,`,mv,erp,tar,&,w,latex,-mode,-,vi,xlock,grep,-p,findall,zcat,rm,uudecode
z,X
spy,findall,w,z
pine,z
cd,m,ph,msp,nn,ct,findall,-nw,jove,fg,-all,stty,-a,ll,k,rm,pine,reset,emacs
which,slirp,ll
which,cd,m,spy,w,rsh,z,findall,talk,ll,f,write,pine
rmow,z,pine,r,-l
z,X
pine,z
cd,k,ll,m
pine,z
pine,findall
cd,m,mv,vi,chmod,ll
z,X
pine,z
cd,ll
&,cd,z,latex,xdvi
slirp
cd,ph,findall,fg,-nw,com,ll,rm,pine,tar,emacs
-i,cd,man,-H,findall,-,mv,cpio,k,ll,zcat,rm,date,pine,-d,tar
z,X
pine,z
finda,po,ln,k,ll,alias,af,cd,gv,mv,matlab,fg,write,&,push,w,-mode,-,vi,xlock,wc,grep,m,z,man,findall,xfig,ls,grp,f,-c,pop,;,-l
&,cd,z,latex,gv,-paper,-t,s,dvips,xdvi,slitex
qu,ps,ct,tail,-ps,mailx,df,k,ll,who,pine,cd,fg,-f,!,unrm,&,my_latex,-s,-guxawww,vi,-v,-kd,r,grep,m,f,rm,-k,users
ct,jove,mailx,df,ll,dvips,tput,-d,reset,cd,fg,-Z,-D,-t,cat,emacs,kill,push,-HUP,ph,w,latex,-,-nw,m,spy,man,file,clear,cp,rm,-k,pop
cd,z,pwd,k,ll,f,pine
ps,spy,z,w,-guxa,ruptime,-v,grep
slirp
m,tail,uptime,df,pine,-k
z,X
z,r
xlock,-mode,z
pine,z
z,X
cd,-verbose,man,&,\man,latex,md,ct,mv,giftoppm,cp,k,ll,f,-k,xv
pine,z
rl,df,k,ll,xdvi,cd,rlogin,gv,push,&,w,my_latex,-mode,-,eject,xlock,r,m,z,man,findall,cp,f,rm,-k,pop,-l
cd,push,man,z,latex,gv,pop,com,cp,k,ll,-t,rm,dvips,tar,;,uuencode
slirp
pine
df,-k,z
df,-k,X,z
cd,z,latex,-display,ct,gv,mv,-,vi,cp,ci,ll,f,rm,-l
pine,z
z,X
z,f
pine,z
-i,cd,ph,findall,k,ll,f,pine,r,grep
pine,telnet,findall
cd,md,file,mv,vi,ll,rm,tar
kill,cd,spy,-HUP,w,m,r,talk,findall,-name,ll,f,find,write,pine,-print
cd,-p,`,tstr,md,mv,k,ll,uudecode
X
cd,push,-h,m,md,pgp,-,mv,cp,k,ll,rm,pine,pop,-sb
ct
cd,-mode,k,ll,xlock
z,X
cd,z,mv,vi,chmod,ll,zl
pine,z
-i,ct,tail,-name,k,ll,(,-d,cd,gv,mv,-f,-R,tar,),md,-,zl,grep,m,z,ncftp,chmod,find,f,c,-print,;
z,X
pine,z
cd,z,ispell,tail,vi,k,ll,rm
pine
slirp
~,tail,findall,k,pine
ct,oed,mailx,k,ll,cd,!,uc,tar,emacs,lynx,md,-,vi,m,-p,head,cmp,file,unsetenv,zcat,uudecode
z,X
pine,z
cd,z,-mode,findall,gcc,ll,xlock,-o
z,X
z,k
pine,z,findall
z,X
pine,z
xlock,-mode,k,z
z,X,echo,vi,grep
&,z,-mode,netscape,xlock,r
pine,z,r
pine,z
qu,cd,z,source,pwd,-s,-la,ln,vi,cp,ll,s,ls
z,X
cd,m,ph,push,z,-,mv,-name,vi,k,ll,f,chmod,find,pop,-print,grep
z,k,f
pine,z
slirp
-i,cd,m,fg,cp,ll,pine,grep
cd,m,ph,talk,findall,vi,k,ll,f,date
z,X
fstat,man,-s,z
pine,z
cd,fstat,man,-h,z,-s,-H,mv,gcc,-m,sh,k,ll,-k
pine
slirp
pine,cd,m
pine
z,X
z,f
pine,z,pin
vi,cd,r,z
z,X
pine,z
cd,z,w,-mode,gv,findall,nslookup,ll,f,xlock
pine,z
date,z,tail,X
pine,z
cd,ps,spy,z,cmp,findall,vi,k,ll,-u
pine,z
z,X
pine,z
cd,z,ovid,-mode,vi,k,s,ll,xlock
z
which,ping,cd,-i,elm,m,z,uptime,ruptime,k,ll,pine,grep
pine,z
z,X
pine,z
ping,cd,m,ph,z,vi,ll,f
cd,fg,vi,pine,grep
z,X
pine,z
vi,spy,cd,uptime
cd,z,lpq,lpr,-P,ll,ls
which,z,X
r
pine,z
tstr,ct,k,ll,cd,`,xhost,-f,echo,bc,tar,dc,-,ping,z,-p,cp,zcat,rm,uudecode,-l
&,workman,echo
pine,z,r,-l
z,X
cd,ll,mv
pine,z
tstr,ct,uudecode,k,ll,cd,`,mv,com,cat,tar,md,diff,-mode,-,foreach,xlock,l,wc,r,ping,z,-p,cmp,cp,chmod,zcat,rm,ls,-l
spy,cd,z,w,my_latex,oed,fg,unsetenv,ln,vi,my-latex,k,ll,dvips,pine,emacs
slirp
cd,md,tail,mv,fg,com,vi,k,ll,pine
z,X
z
z,-l,bc
qu,k,ll,xdvi,-d,-nu,cd,-h,matlab,-w,!,sort,-t,-M,-u,&,push,md,-mode,-s,-,foreach,-m,make,xlock,grep,m,z,man,pop,-l
pine,z
emacs,unsetenv,echo
-name,ll,-exec,cd,-h,!,bc,&,md,diff,foreach,-m,-r,meta.pl,wc,m,cp,find,f,rm,-print,;,-l
slirp
spy,gt,fg,pine,grep
z,X
cd,z,matlab,ll,wc,-l
setenv,cd,m,z,pwd,-,mv,ll,pine
z,X
z
pine,z
X
cd,m,z,md,pwd,-mode,mv,ll,xlock
.,tail,-name,k,ll,:splat,(,-d,-nu,cd,-h,${?FOO},echo,touch,!,sort,-t,-M,setenv,&,md,-,foreach,-m,vi,make,meta.pl,wc,m,man,cp,find,rm,-print,-l
pine,z
z,cd,ll,matlab
z,cd,latex
&,cd,z,my_latex,-kd,xdvi
ct,-name,ll,dvips,cd,fg,matlab,pop,push,my_latex,-,vi,-kd,m,man,pwd,unsetenv,-print,cp,find,f,rm,paste,vf
date,pine,findall,f
z,X
pine,z
cd,telnet,man,w,m,z,ct,-s,-mode,-,vi,k,ll,f,rm,xlock,pop,l
m,cd,fg,matlab,-name,mv,cp,ll,find,rm,xdvi,paste,-print
&,cd,z,my_latex,cp,-kd,dvips,xdvi
pine,z
z,X
z
pine,z
xlock,-mode,cd
&,cd,z,my_latex,cp,-kd,dvips,xdvi
slirp
pine,cd,k,fg
finda,pine,PINE,f
af,X
kill,spy,m,ct,ll
kill,spy,z
af,m,cd,man,X,z,ct,file,vi,chmod,ll,k,ls
z
z
pine,z
From:,Sirs:,(,Lisa,cd,To:,your,mv,Date:,recognised,xbiff,&,),ph,From,vi,EST,Our,This,z,Subject:,extent,chmod
z
z,stroke_test
cd,z,chgrp,chmod,ll,zl
z
z,X
xlock,-mode,z
z
pine,z
z,X
which,cd,z,man,talk,-name,ll,find,newgrp,-k,-print
pine,z
tty,mesg,pty
-i,cd,m,z,md,ct,-,k,ll,f,zcat,tar,grep,xv
md,cd,chmod,ll
z,X
cd,push,m,z,md,ct,gv,mv,com,vi,ls,ll,bc,uc,pop,-l
pine,z
pine,spy,findall,z
pine,z,ph
z
cd,m,(,ct,-name,-print,ll,find,pine,reset,-o
cd,k,z
cd,m,z,fg,ll,pine
z,X
which,-i,cd,m,man,push,`,z,md,ct,mv,uudecode,rep,k,ll,tar,pop,grep
pine,z
z,findall,math,df,f,bc,-k,-l
cd,cut,m,spy,z,lkl,findall,mv,-f,matlab,fg,vi,!,uptime,ll,cat,rm,chmod,pine
pine,z
cd,z,df,ll,-k
m,tail,z
telnet,cd,k,ll,f,exit,pine
slirp
m,cd,tail,-nw,fg,k,ll,pine,emacs
cd,z,k,pine,c,reset
pine,z
pine,z,X
z,ph,f
pine,z
telnet,cd,z,kk,md,ll
pine,view,fg
z,lpq,ct,ncftp,mv,fg,lpr,vi,-P,chmod,ll,-u,r,lock
m,cd,z,ncftp,ll,rm,newgrp,pine
cd,m,z,md,-,mv,fg,vi,chmod,ll,zcat,make,tar,lock
z,X
cd,z,md,ct,mv,k,ll,f,newgrp,pop
newgrp,z
pine,z
cd,m,&,umask,manke,z,-,mv,ln,vi,cp,chmod,ll,zcat,-R,make,k,tar,xv
chown,cd,z,md,mv,chmod,ll,-R
slirp
pine,f
cd,z,k,ll,pine
pine,m,fg
sliep,slirp
pine,telnet
cd,m,z,X,ct,file,k,ll,r
pine,z
z,r
cd,tail,cp,ll,pine
xlock,-mode,z
z,X
m,cd,push,z,ct,-name,pop,k,ll,find,newgrp,zl,-print
pine,z
tstr,rd,ct,lwinfo,k,ll,cd,`,gv,mv,com,lpstat,uc,tar,unrm,push,pgp,-,m,z,man,kk,ncftp,lan,file,cp,rm,pop
cd,z,-nw,cp,chmod,ll,k,emacs
pine
cd,m,kk,nn,tail,findall,mailx,vi,ll,write,pine
pine
pine
z,X
\man,ct,df,ll,cd,kinit,mv,echo,makeinfo,tar,setenv,-,vi,m,z,man,du,chmod,zcat,rm,-k
pine,z
z,r,-l
z,r
pine
z,X
z
z
pine,cd,ll,z
pine
z
m,z,ct,math,fg,nslookup,vi,cat,rm
slirp
telnet,cd,-s,fg,ln,f,pine,reset
z,X
chown,cd,z,chgrp,vi,cp,chmod,ll,k
pine,z
telnet,cd,m,z,md,ct,emacsclient,-,mv,vi,mailx,k,ll,f,bc,-l
which,cd,z,vi,ll,pine
pine,z
z,X
pine,z
cd,m,z,md,ruptime,k,ll,rm
cd,ph,-nw,vi,ll,emacs
pine
fg,pine,f
z,X
pine,z
m,cd,z,pgp,ct,vi,k,ll,cat
cd,-h,ll,z
qu,cd,telnet,k,ll,pine
qu,cd,m,unset,set,du,chmod,ll,rm
rd,ct,mailx,k,ll,dvips,pine,cd,mv,fg,com,s,uc,tar,uuencode,emacs,telnet,md,-,-nw,vi,which,m,cp,chmod,f,rm
z,X
which,vi,z,pine
cd,du,mailx,df,ll,rm,-k,-rf
cd,z,ct,cp,k,ll
z,cd,ll,rm
touch,cd,ls,ll
which,&,cd,talk,-nw,fg,uptime,du,k,ll,-R,rm,emacs
qu,llk,rd,-name,ln,df,k,ll,(,-d,-exec,cd,-h,mv,ruptime,!,-t,tar,-rf,&,push,),-T,md,jobs,-s,-,uptime,-m,vi,bg,make,h,gdb,grep,m,spy,man,du,cp,find,zcat,rm,-c,-k,pop,;,-l
slirp
cd,tail,talk,findall,ll
date,z
-nw,emacs
cd,z,-name,!,k,ll,find,-print,xargs
slirp
emacs-nw,m,md,mv,-nw,fg,ll,emacs
qu,cd,m,push,telnet,-,fg,com,vi,cp,k,ll,h,rm,chmod,pop
kill,spy,-HUP,z,jobs
spy,z
slirp
&,cd,m,z,-,-nw,fg,!,ll,emacs
cd,z,X,-nw,k,ll,emacs
rd,ct,ln,k,ll,(,cd,mv,cat,tar,),ph,-s,-,vi,which,m,man,du,cp,chmod,rm,uudecode,;
qu,tstr,ct,k,ll,(,cd,`,mv,fg,com,cat,tar,),-,gdb,m,z,du,chmod,f,rm,zcat,;
-a,reset,kbd_mode,z
cd,k,ll,z
slirp
z,findall,-nw,emacs
&,cd,z,talk,-,ruptime,!,k,ll,f
lynx,slirp
z
slirp
cd,ll,m
slirp
talk,fg,-nw,findall,f,emacs
z,X
cd,z,-,k,ll,zcat,tar,grep
cd,z,findall,cp,k,ll
z,-nw,emacs
z,X,fg,-nw,f,emacs
cd,ll,z
cd,k,ll,z
qu,ct,ln,k,ll,cd,chgrp,fg,echo,mv,tar,emacs,md,-s,--no-split,-,-nw,vi,make,grep,which,man,ncftp,chmod,zcat,rm,-c
z,X
z
z,cd,r,m
k
thor,z,X
z
thor,z,k
f,k,-nw,emacs
z,fg,-nw,k,emacs
z,X
z,uptime
m,cd,spy,&,rsh,-,!,k,ll,rm
findall,-nw,emacs,r,-l
slirp
m,unset,man,file,fg,-nw,vi,ll,rm,emacs
trouble,cd,z,X,-nw,df,ll,-k,emacs
cd,z,ct,df,ll,-k
z
which,cd,m,pgp,ct,-kv,findall,fg,-nw,-kvv,k,ll,rm,emacs
-nw,emacs
talk,-nw,k,f,emacs
tstr,ct,ll,(,cd,`,mv,fg,com,cat,tar,emacs,),-,-nw,wc,z,man,rm,uudecode,;,-l
cd,m,z,findall,k,ll,rm
z,X
cd,z,mv,chmod,ll
z,-l,bc
findall,talk,-nw,fg,k,-li,f,grep,emacs
cd,k
-nw,emacs
z,X
cmod,cd,ph,chgrp,chmod,ll,-R
which,m,push,man,cd,ph,kk,pgp,ct,md,-kv,vi,k,ll,f,thor,grep,z
z,k
&,cd,my_latex,-kd,xdvi
m,cd,-nw,fg,ll,emacs
z,X
ll
ping,m,cd,&,z,r,-name,foreach,ll,h,rm,find,-print
ping,cd,),z,\*REMAILER\*\,k,ll,rm,\,(
cd,z,elm,ct,df,ll,-k
aoed,m,z
cd,m,z,lw,k,ll
m,-nw,emacs
-name,df,k,ll,cd,-perm,fg,mv,!,-rf,push,&,ph,lynx,-,-m,vi,meta.pl,grep,m,-=,-il,find,rm,-k,pop,-print
my_latex,cd,-kd,dvips
fg,f,-nw,emacs
cd,&,m,-nw,nslookup,!,ll,rm,emacs
z,cd,ll,m
cd,unset,m,z,findall,-nw,vi,k,ll,rm,emacs
z,X
cd,k,ll
ct,tail,k,ll,dvips,-d,cd,-h,chgrp,echo,bc,-dbibitems.defs,-,-m,vi,meta.pl,m,z,-B,chmod,-l
&,cd,z,my_latex,-kd,xdvi
z,X
ln,k,ll,xdvi,cd,-h,mv,&,push,md,-s,-,-P,grep,wc,m,-p,z,pwd,chmod,pop,-l
&,cd,m,rm,z,!,k,ll,cp,dvips
&,cd,z,my_latex,-kd,dvips,xdvi
z,X
z
xdvi,&,cd,exit
cd,-s,findall,-nw,-f,fg,ln,k,ll,f,rm,emacs
z,X
z
cd,z,math,lname,k,ll,f,-v
slirp
unrm,cd,telnet,ct,mailx,cp,ll,rm,ftp
z,X
rd,ct,k,ll,cd,-h,mv,dbx,!,-t,tar,-rf,&,-T,md,-,-m,vi,make,gdb,m,man,rm,uudecode,-l
tstr,ct,k,ll,(,cd,`,mv,com,cat,bc,tar,push,),md,-,grep,z,pwd,findall,;,-l
-T,exec,-m,-t,-l
-T,exec,-m,-t,-l
-T,exec,-m,-t,-c,-d,-l
z,X
pdfread,tstr,ct,k,ll,(,cd,`,chgrp,mv,cat,tar,&,),telnet,md,-,r,chmod,zcat,rm,;,-l
rd,ct,tail,k,ll,lf,-d,cd,cat,tar,emacs,&,telnet,md,-s,diff,-,-nw,nslookup,vi,make,-C,which,m,z,man,math,zcat,rm,f,-k,uudecode
af,telnet,cd,k,exit
gdb,telnet,cd,-h,-T,&,m,findall,fg,-nw,-m,!,k,ll,-M,-t,-c,-d,reset,emacs
z,X
cd,&,m,z,matlab,foreach,!,k,-t,ll,-d,-l
qu,cd,z,foreach,sort,ll,traceroute,-nu,wc,-l
z
z,X
ll,-d,cd,-h,!,-t,-M,bc,&,-T,-s,-,-m,vi,make,grep,m,RES,rlog,man,z,-c,-l
z,man,-ic,-s,k,-c,-k,grep
cd,md,findall,-nw,uptime,talk,fg,ll,f,emacs
z,X
archie,ct,sh,k,ll,zoo,cd,unzip,fg,-f,mv,-u,telnet,md,foreach,vi,make,r,grep,m,z,man,ncftp,cp,f,rm,-k
k,ll,-d,cd,mv,!,-t,-M,-rf,setenv,&,-T,-,-m,foreach,vi,make,h,meta.pl,m,z,rm,-c,-l
z,X
cd,m,z,md,-name,foreach,touch,cp,k,find,ll,gdb,-print
cd,z,--eval,-batch,emacs,ci,ll,k,rm,-l
z,X
-i,cd,z,f,grep
cd,z,k,ll,gdb
-T,exec,-l
cd,m,spy,jobs,findall,fg,-nw,-name,uptime,who,ll,f,find,k,date,users,-print,emacs
z,X
users,spy,who,z
z
cd,z,man,md,-l,-nw,-f,fg,ll,bc,emacs
telnet,jobs,-nw,fg,k,ll,reset,emacs
z,-nw,emacs
z,r
z,X
&,cd,-h,m,spy,ps,z,-guxa,!,k,ll,who,users,grep
-name,k,ll,-kvc,cd,mv,com,!,-kvcx,tar,&,pgp,-kv,make,date,spy,m,z,cp,find,rm,-print,-kvv
findall,fg,-nw,file,k,ll,rm,emacs
which,af,m,cd,cp,ll
m,cd,md,fg,-nw,mv,k,ll,rm,l,emacs
z,-nw,emacs
-nw,emacs
-S,-name,k,ll,-d,-ls,cd,-h,`,-perm,!,-t,-M,xargs,&,-T,-s,foreach,-m,vi,-P,make,gdb,m,-p,RES,cp,find,rm,-c,-print,-l
slirp,-nw,emacs
cd,z,-nw,-name,fg,find,ll,-print,emacs
slirp
ps,spy,z,-guxa,who,users
cd,rm,latex,md,fg,-nw,mv,k,ll,-l,dvips,uuencode,tar,wc,emacs
af,cd,m,ll,rm
fg,-nw,k,cat,emacs
exit
cd,k,ll,z
z
ct,ln,k,ll,cd,fg,matlab,-w,com,cat,tar,uuencode,push,-s,-,vi,-v,grep,wc,m,findall,unsetenv,cp,chmod,pop,-l
cd,m,z,findall,-nw,-f,vi,lf,ll,rm,emacs
setenv,md,ct,-f,lpr,-P,k,ll,exit,rm,ftp
z,X
cd,),z,`,tstr,-,mv,com,tsrt,ll,cat,(,tar,;
cd,pgp,ct,k,ll,tar
m,-nw,-f,fg,ll,emacs
m,z,findall,-nw,k,emacs
setenv,z,r,-nw,echo,-all,stty,-a,-l,reset,emacs
z,-nw,emacs
cd,-p,md,ct,mv,com,cp,ll,-r,rm,exit,ls,tar
ct,ln,stty,ll,cd,talk,mv,fg,com,-R,tar,emacs,setenv,md,-s,-nw,-r,m,-p,cp,chmod,-a
findall
z,findall,fg,-nw,f,emacs
-nw,-name,-f,fg,find,ll,ls,-print,emacs
z,-f,-nw,emacs
cd,m,findall,vi,ll
z,findall,-nw,-f,emacs
-f,-nw,emacs
z,k
-i,cd,findall,-nw,fg,grep,emacs
z,-nw,emacs
cd,man,findall,-nw,-name,fg,k,ll,find,-print,emacs
z,findall,-nw,emacs
setenv,telnet,findall,fg,echo,-nw,talk,f,emacs
fg,findall,-nw,emacs
setenv,talk,findall,-nw,fg,write,emacs
findall
setenv,z,talk,fg,-nw,echo,stty,emavcs,-a,emacs
cd,z,-nw,mailx,ll,grep,emacs
-nw,emacs
date,setenv,talk,findall
findall,-nw,emacs
fundall,findall,-nw,emacs
-nw,emacs
which,af,cd,findall,uptime,vi,f,r,grep
cd,k,findall,z
-nw,emacs
cd,m,z,findall,-nw,mailx,ll,ls,emacs
which,cd,m,-dbibitems.defs,apa,-B,ct,findall,-,-nw,com,!,k,ll,cp,rm,cat,tar,emacs
setenv,oed,fg,-nw,talk,emacs
-nw,emacs
f,findall,-nw,emacs
m,cd,ct,-s,findall,-nw,unsetenv,matlab,fg,mailx,k,cat,ctr,emacs
wc,-i,setenv,cd,-l,tail,findall,-nw,talk,fg,com,mv,ls,ll,k,rm,ci,tar,grep,emacs
cd,tail,findall,f
af,setenv,cd,rm,findall,math,unsetenv,talk,mv,k,cat,ll,chmod,lf,aoed,tar
rd,ce,mailx,k,ll,cd,co,talk,mv,fg,com,uc,tar,-rf,setenv,md,diff,-s,-,vi,l,z,man,findall,cp,ci,chmod,f,rm,zcat,-k,-l
z,-nw,meacs,emacs
-nw,emacs
-nw,emacs
k,findall
lynx,findall,-nw,emacs
findall,-nw,emacs
oed,talk,findall,-nw,emacs
talk,findall,-nw,f,emacs
findall,talk,ll,f,ls
df,k,ll,cd,fg,tar,emacs,lynx,md,-s,-,-nw,grep,m,z,man,ncftp,findall,du,zcat,f,-c,-k
cd,m,z,findall,ll,ls
z,indall,findall,-nw,f,emacs
lynx,lynxl,findall,fg,-nw,talk,f,r,emacs
z,talk
z,findall,talk,k
talk,findall,oed,-nw,fg,k,emacs
z,talk,findall,-nw,emacs
m,telnet,cd,z,ct,findall,-nw,ll,f,rm,grep,emacs
cd,m,telnet,findall,-nw,k,ll,f,chmod,emacs
z,findall
telnet,cd,ct,findall,ll,f
which,telnet,cd,md,ct,findall,-nw,mv,com,k,ll,f,rm,tar,emacs
findall,-nw,ll,f,h,emacs
telnet,z,all,findall,-nw,emacs
z,findall,-nw,emacs
f,findall,-nw,emacs
cd,jobs,findall,-nw,fg,ll,f,emacs
which,cd,z,man,latex,ct,findall,-nw,mv,-,com,mailx,k,ll,f,rm,dvips,tar,;,emacs
cd,talk,findall,-nw,ll,f,emacs
cd,z,ct,-,findall,cp,k,ll,zcat,dvips,-t,f,tar
z,k,grep
z,-nw,stty,c,reset,emacs
telnet,z,lynx,findall,-nw,talk,stty,f,c,reset,emacs
cd,m,z,-l,findall,-nw,cal,fg,k,f,bc,emacs
findall,-nw,k,ll,f,emacs
m,telnet,z,findall,fg,-nw,oed,k,ll,f,emacs
talk,findall,-nw,k,emacs
findall,-nw,emacs
z,-nw,emacs
\slirp
z,findall,-nw,stty,ls,emacs
slirp,cat
z
slirp
which,cd,findall,-nw,talk,vi,k,ll,f,date,grep,emacs
whois,m,cd,pgp,ct,nslookup,k,ll,rm,r,-l
slirp
which,cd,z,findall,fg,-nw,vi,k,ll,chmod,f,emacs
which,cd,z,findall,-nw,vi,ll,emacs
z,X
xmessage,-default,echo,-buttons,-print
ct,-name,ll,lf,xs\,cd,xs,`,mv,-f,tar,pgp,md,-mode,-,-r,xlock,which,m,z,man,file,cp,find,-print
which,af,m,cd,man,z,chkconfig,mv,-name,xdpyinfo,cp,ll,find,rm,-print,xlistscrns
which,cd,m,z,kk,-name,-print,ll,find,r
rd,ct,-name,k,ll,cd,mv,echo,-f,tar,push,pgp,diff,-,which,m,z,man,cp,find,rm,pop,-print
slrp
fg,k,-nw,emacs
slrp
cd,findall,vi,k,ll,login,grep
cd,md,findall,-nw,fg,cp,k,ll,emacs
slirp
cd,man,md,-s,fg,-nw,ln,vi,cp,k,ll,make,rm,grep,emacs
&,cd,m,-h,-k,cut,head,tail,fg,!,k,ll,make,rm,-d,-d:
which,af,setenv,m,cd,push,X,z,-,fg,echo,rehash,vi,cp,ll,s,pop
ps,rd,ct,tail,-guxa,k,ll,cd,mv,matlab,tar,cut,pgp,-,grep,which,m,z,man,zcat,rm,-d:
wc,cd,m,z,head,-s,tail,-mode,ln,-w,k,ll,cat,rm,xlock,grep
emacs,setenv,-nw,echo
slirp
ln,setenv,-s,findall
z,X
which,setenv,cd,z,`,ct,tr,file,echo,k,ll,rm,xv
wc,cd,m,z,matlab,k,ll,rm,grep
which,cd,cut,man,m,push,head,-mode,tail,vi,k,ll,cat,rm,chmod,xlock,-d:,grep,wc
setenv,tail,-nw,fg,grep,emacs
slirp
setenv,z,findall,-nw,k,grep,emacs
setenv
slirp
slirp
z,X
m,ll
m,cd,push,-h,-k,corr,md,head,z,matlab,echo,rehash,-w,cp,k,ll,-d,pop,wc,-l
setenv,m,cd,man,nroff,z,less,findall,file,echo,findll,k,ll,-k,-man,wc,-l
cd,telnet,man,rd,ct,-mode,findall,xman,ll,cat,rm,f,xlock,make,-rf
setenv,cd,m,findall,mv,fg,-nw,vi,k,ll,cat,grep,emacs
ll,cd,source,echo,touch,cat,s,emacs,setenv,ph,nn,-nw,vi,-r,emas,r,man,findall,f,ls,-l
cd,z,man,q,killall,ll
cd,ph,nn,x,md,findall,fg,-nw,emacs,vi,k,ll,r,-l
slirp
hostname,ct,uname,mailx,k,ll,cd,fg,echo,cat,pop,emacs,uuencode,setenv,push,md,diff,-s,-nw,vi,r,m,man,kk,-a,chmod,f,-l,uudecode,-n
k,ll,cd,rlogin,fg,echo,s,-x,emacs,push,nn,-s,-nw,rcp,r,m,man,findall,cp,pop,formail,-l
hostname,qu,rd,mailx,k,ll,lf,cd,mv,fg,echo,-u,-rf,setenv,md,vi,grep,which,m,z,man,pwd,ncftp,chmod,f,rm,ls
setenv,cd,z,echo,cp,k,ll
-onroot,cd,rm,-bitmap,z,source,xsetroot,-botmap,findall,ct,echo,gv,-mode,k,ll,-quit,xlock,uc,xsetbg,xv
cd,z,findall,echo,vi,ll,s
cd,),nn,rd,pwd,file,findall,-nw,fg,emacs,k,ll,f,rm,(,r,-l
-nw,emacs
set,rd,ct,tail,-name,ln,-guxa,mailx,k,ll,ypcat,lf,formail,(,af,cd,fg,echo,mv,cat,tar,-x,emacs,unrm,push,),ph,telnet,nn,rsh,md,newmail,-s,-,-nw,-r,perm,r,grep,m,kk,pwd,findall,du,cp,ls,chmod,f,rm,find,pop,-print,;,-l
af
cd,findall,echo,matlab,k,ll
cd,z,`,tstr,nn,ct,-,mv,findall,talk,k,ll,zcat,rm,f,uudecode,tar
ll,pwd,z,r
z
pwd,z
z,set
pwd,slirp
newmail,telnet,pwd,-nw,ll,f,-l,r,emacs
newmail,cd,-s,findall,-nw,talk,fg,ll,f,-x,formail,emacs
cd,rm,z,lynx,pwd,ct,-s,-,findall,ln,touch,k,ll,zcat,lf,tar
z,findall
z,ct,file,vi,ll,rm
-name,ln,k,ll,lf,cd,`,mv,echo,cat,setenv,md,-s,foreach,vi,-r,grep,m,man,less,pwd,unsetenv,cp,find,rm,-k
tset,ps,set,-guxa,-guxwwww,-Q,stty,ll,k,reset,cd,`,echo,emacs,setenv,newmail,nn,-s,-,-nw,nslookup,vi,-r,-gux,grep,m,z,man,pwd,findall,-a,f,c
cd,ps,man,set,m,md,pwd,findall,mv,echo,-nw,-guxwwww,vi,k,ll,chmod,f,-guxwwwwa,emacs
xterm,-merge,xrdb,echo
kill,setenv,ps,-HUP,cd,xhost,-merge,file,cp,xrdb,ll,k,rm,-guxwww,-gux
cd,m,man,-merge,echo,tty,vi,k,xrdb,ll,rm
z,man,echo,xterm,ll,k,date
cd,k,z
z
cd,m,man,z,-s,echo,vi,tty,k,ll,-t
vi,z,r,rsh
z,who
cd,z,man,ssh,vi,k,ll,rm
which,cd,m,ps,telnet,`,z,jobs,mv,ssh,-f,cp,k,ll,-v,ssh-keygen,xterm,chmod
z
z
ps,tstr,ct,-guxwwww,ll,(,cd,`,mv,com,cat,tar,),pgp,-,-gux,wc,z,rm,;,-l
z
z,-v,ssh
z
z,xterm
z
z
sh,z,man
ssh-add,kill,setenv,cd,eval,ssh-agent,ps,`,nn,z,-s,fg,xman,vi,ll,-c,-guxwww,-D,-gux,-l
which,xmessage,cd,man,z,ct,-mode,sh,ll,rm,xlock
ps,rd,ct,ln,k,ll,-d,-nu,ssh-add,cd,fg,-f,mv,com,sort,-u,uc,tar,-x,emacs,setenv,cut,ph,~,pgp,md,-s,-,-nw,foreach,zl,-gux,grep,wc,man,findall,f,rm,formail,-l
cd,quit,mailx,k,ll,exit
z
z,-v,f,ssh
z
-S,rd,k,ll,-exec,af,cd,chgrp,-R,netstat,tar,xargs,&,nn,md,jobs,-s,scp,-,ssh,foreach,-type,-v,which,man,pwd,findall,chmod,find,zcat,rm,ci,-print,;,-l
setenv,cd,man,-s,-nw,fg,lastcomm,k,ll,cat,rm,perm,last,emacs
setenv,cd,ll,pwd
rd,tail,k,ll,cd,talk,echo,emacs,nn,md,-nw,foreach,vi,],wc,pwd,findall,cp,chmod,rm,ls,-l
setenv,cd,z,k,ll
-S,ct,df,k,ll,cd,-h,echo,telnet,pgp,md,-s,scp,ssh,vi,-v,which,m,-p,man,pwd,file,cp,chmod,rm,-k
ps,cd,man,m,telnet,-name,-guxawww,vi,who,ll,k,ci,find,xlock,-print,grep,-l
cd,z,pwd,-la,du,ll,ls
pwd,z
setenv,vi,slirp
z,~,-nw,reset,emacs
-s,findall,-X,nfrom,ll,from,formail
findall,-nw,emacs
ssh-add,setenv,m,cd,man,z,nn,cmp,ct,diff,findall,-,vi,cp,k,ll,rm,-l
cd,m,man,z,ct,vi,k,ll,chmod,rm
tail,sh,k,ll,cd,-h,echo,-f,!,-rf,kill,setenv,&,push,md,-s,foreach,h,scan,grep,m,csh_parser,man,z,mn,chmod,rm,chs_parser,-k,pop,-l
z
cd,m,z,vi,ll,date
z
cd,m,z,vi,n,ll
z
cd,m,z,-s,mv,ln,k,ll,rm
z
kill,ps,cd,m,&,z,-s,ln,!,ll,-guxwww,-gux,wc,-l
z,cd,m,ll,date
z
cd,&,z,md,-s,tail,-f,foreach,ln,df,!,ll,-k,wc,-l
cd,ct,cp,k,ll
cd,m,man,set,z,vi,k,ll,grep
kill,cd,m,ps,set,-HUP,z,ct,vi,k,ll,rm,-guxwww,-rf
z,set,ct,source,vi,ll
which,setenv,cd,ct,findall,fg,-nw,echo,talk,mailx,tty,mv,ll,from,f,write,k,emacs
z,who,talk
which,setenv,cd,m,z,talk,fg,echo,tty,vi,reset
cd,m,man,z,echo,k,ll,grep
which,stats.pl,cd,push,m,`,md,-s,tail,-,mv,rehash,ln,vi,k,ll,chmod,rm,pop
setenv,z,k,from
slirp
ct,who,ll,dvips,af,cd,fg,mv,com,emacs,push,lynx,md,-nw,date,m,findall,cp,chmod,f,rm,pop
-name,mailx,df,k,ll,-ka,xsetbg,cd,-h,php,cat,uuencode,setenv,pgp,md,-s,-mode,-kv,vi,-r,xlock,perm,l,grep,which,m,z,man,pwd,cp,ci,find,f,-l,-k,-print,-kvv
df,k,ll,lf,cd,gv,com,uc,pgp,-,-kxa,vi,make,grep,df-k,m,z,rm,-k,pop,-kvv
cd,k,z
ln,sh,k,ll,fstat,cd,drift_test.pl,fg,echo,!,cat,bc,-x,pop,kill,&,push,jobs,md,diff,-s,-,bg,wc,grep,m,cmp,unsetenv,rm,-c,ls,formail,-l
slirp
m,-nw,ssh,emacs,from,-l
ct,tail,k,ll,fstat,cd,-h,mv,touch,com,cat,lynx,md,diff,foreach,wc,which,m,head,cmp,findall,du,cp,rm,-c,-l
k,ll,-d,-o,cd,lpq,uid,lpstat,-u,cancel,uc,id,push,md,lpr,lprm,-P,h,cu,z,-p,man,ncftp,-c,pop
z,r
cd,k,man,z
k,ll,pine,-d,-o,cd,`,mv,lpstat,cat,-u,uc,cancel,tar,foreach,m,z,man,head,rm,lp
cd,z,ssh,ll,r
z,nn,findall,-nw,emacs
lpstat,cd,ll,z
z
ps,z,mem,uptime,-guxawww,-guxa,df,who,-v,-k,memory,grep
z
cd,m,z,latex,c,-,k,ll,pop
-i,cd,m,z,-ks,pgp,-,-name,k,ll,find,-kvc,-print,grep,-kvv
-nw,emacs
which,cd,man,-l,findall,-nw,fg,vi,sort,ll,from,-u,k,r,grep,emacs
which,setenv,r,tail,findall,talk,k,f,from,reset,-l
z,uptime
z
-i,wnewmail,k,ll,cd,fg,echo,s,bc,-x,setenv,-s,-mode,uptime,vi,xlock,grep,which,m,z,man,nroff,tr,cp,-k,-man,formail,;,-l
-i,ps,rd,uname,sh,ln,-guxa,k,ll,dvips,xdvi,(,cd,fstat,ident,end,source,gv,printf,echo,mv,cat,s,bc,&,push,),latex,bibtex,-s,-X,foreach,vi,rehast,tok_count.sh,grep,which,m,z,man,-guxawwww,file,-e,rehash,-a,xterm,olbiff,chmod,rm,cp,pop,formail,;,-l
which,cd,m,man,-,findall,echo,rehash,-nw,vi,uptime,ll,from,s,f,emacs
k,ll,xdvi,cd,-h,fg,echo,push,&,ovid,latex,-s,-,uptime,scan,thor,l,grep,m,man,cp,chmod,rm,pop,;
thor,xlock,-mode,z
setenv,cd,m,man,rm,-l,tail,-,-nw,echo,rehash,ssh,vi,k,cat,ll,s,emacs
telnet,cd,z,kk,ct,gv,ssh,-P,k,ll,f,kll,uc
&,cd,z,k,xdvi,grep
cd,z,bg,ci,ll,k,dvips,xdvi,grep,-l
cd,m,man,&,latex,rlogin,z,ct,-mode,ruptime,cp,k,ll,ced,xdvi,xlock,c,grep,-l
z
cd,z,ct,du,df,k,ll,-k,last
df,-k,z
z,findall,elm
z,X
cd,z,elm,talk,fg,vi,ll,f
cd,z,md,matlab,ll,f
